"","ParentGlobalID","Date","Plot_ID","Locality","Zone","Treatment","Treatment_dragehode","Plot_nr","Treatment_2023","Cover_plants","Cover_plants_summed","Dragehode_seedlings","Dragehode_vegetative","Dragehode_fertile","Cover_bryophytes","Cover_litter","Cover_rock","Cover_bare_soil","Cover_woody_plants","Cover_shrubs","Cover_trees","Veg_height_1","Veg_height_2","Veg_height_3","Veg_height_4","Coor_x","Coor_y","Species","Cover_species","Veg_height_mean","Species_richness","Year"
"1","5154c85c-27c3-4d61-bbea-982f019d070b",2023-06-26 10:00:00,"H-A-IS-ID-1","H","A","control","absent","1","none",50,"53.5",0,0,0,47,52,0,0,11,0,0,41,32,22,21,10.7237151207577,59.6919632561873,"Hypericum_perforatum","5",31,19,"2023"
"2","5154c85c-27c3-4d61-bbea-982f019d070b",2023-06-26 10:00:00,"H-A-IS-ID-1","H","A","control","absent","1","none",50,"53.5",0,0,0,47,52,0,0,11,0,0,41,32,22,21,10.7237151207577,59.6919632561873,"Achillea_millefolium","12",31,19,"2023"
"3","5154c85c-27c3-4d61-bbea-982f019d070b",2023-06-26 10:00:00,"H-A-IS-ID-1","H","A","control","absent","1","none",50,"53.5",0,0,0,47,52,0,0,11,0,0,41,32,22,21,10.7237151207577,59.6919632561873,"Linaria_vulgaris","6",31,19,"2023"
"4","5154c85c-27c3-4d61-bbea-982f019d070b",2023-06-26 10:00:00,"H-A-IS-ID-1","H","A","control","absent","1","none",50,"53.5",0,0,0,47,52,0,0,11,0,0,41,32,22,21,10.7237151207577,59.6919632561873,"Rumex_acetosella","2",31,19,"2023"
"5","5154c85c-27c3-4d61-bbea-982f019d070b",2023-06-26 10:00:00,"H-A-IS-ID-1","H","A","control","absent","1","none",50,"53.5",0,0,0,47,52,0,0,11,0,0,41,32,22,21,10.7237151207577,59.6919632561873,"Stellaria_graminea","1",31,19,"2023"
"6","5154c85c-27c3-4d61-bbea-982f019d070b",2023-06-26 10:00:00,"H-A-IS-ID-1","H","A","control","absent","1","none",50,"53.5",0,0,0,47,52,0,0,11,0,0,41,32,22,21,10.7237151207577,59.6919632561873,"Rosa","11",31,19,"2023"
"7","5154c85c-27c3-4d61-bbea-982f019d070b",2023-06-26 10:00:00,"H-A-IS-ID-1","H","A","control","absent","1","none",50,"53.5",0,0,0,47,52,0,0,11,0,0,41,32,22,21,10.7237151207577,59.6919632561873,"Ajuga_pyramidalis","1",31,19,"2023"
"8","5154c85c-27c3-4d61-bbea-982f019d070b",2023-06-26 10:00:00,"H-A-IS-ID-1","H","A","control","absent","1","none",50,"53.5",0,0,0,47,52,0,0,11,0,0,41,32,22,21,10.7237151207577,59.6919632561873,"Rumex_acetosa_var._acetosa","5",31,19,"2023"
"9","5154c85c-27c3-4d61-bbea-982f019d070b",2023-06-26 10:00:00,"H-A-IS-ID-1","H","A","control","absent","1","none",50,"53.5",0,0,0,47,52,0,0,11,0,0,41,32,22,21,10.7237151207577,59.6919632561873,"Galium_verum","1",31,19,"2023"
"10","5154c85c-27c3-4d61-bbea-982f019d070b",2023-06-26 10:00:00,"H-A-IS-ID-1","H","A","control","absent","1","none",50,"53.5",0,0,0,47,52,0,0,11,0,0,41,32,22,21,10.7237151207577,59.6919632561873,"Galeopsis_tetrahit","0.1",31,19,"2023"
"11","5154c85c-27c3-4d61-bbea-982f019d070b",2023-06-26 10:00:00,"H-A-IS-ID-1","H","A","control","absent","1","none",50,"53.5",0,0,0,47,52,0,0,11,0,0,41,32,22,21,10.7237151207577,59.6919632561873,"Lathyrus_linifolius","0.1",31,19,"2023"
"12","5154c85c-27c3-4d61-bbea-982f019d070b",2023-06-26 10:00:00,"H-A-IS-ID-1","H","A","control","absent","1","none",50,"53.5",0,0,0,47,52,0,0,11,0,0,41,32,22,21,10.7237151207577,59.6919632561873,"Campanula_rotundifolia","3",31,19,"2023"
"13","5154c85c-27c3-4d61-bbea-982f019d070b",2023-06-26 10:00:00,"H-A-IS-ID-1","H","A","control","absent","1","none",50,"53.5",0,0,0,47,52,0,0,11,0,0,41,32,22,21,10.7237151207577,59.6919632561873,"Viola_riviniana","1",31,19,"2023"
"14","5154c85c-27c3-4d61-bbea-982f019d070b",2023-06-26 10:00:00,"H-A-IS-ID-1","H","A","control","absent","1","none",50,"53.5",0,0,0,47,52,0,0,11,0,0,41,32,22,21,10.7237151207577,59.6919632561873,"Knautia_arvensis","0.1",31,19,"2023"
"15","5154c85c-27c3-4d61-bbea-982f019d070b",2023-06-26 10:00:00,"H-A-IS-ID-1","H","A","control","absent","1","none",50,"53.5",0,0,0,47,52,0,0,11,0,0,41,32,22,21,10.7237151207577,59.6919632561873,"Festuca_ovina","1",31,19,"2023"
"16","5154c85c-27c3-4d61-bbea-982f019d070b",2023-06-26 10:00:00,"H-A-IS-ID-1","H","A","control","absent","1","none",50,"53.5",0,0,0,47,52,0,0,11,0,0,41,32,22,21,10.7237151207577,59.6919632561873,"Festuca_rubra","1",31,19,"2023"
"17","5154c85c-27c3-4d61-bbea-982f019d070b",2023-06-26 10:00:00,"H-A-IS-ID-1","H","A","control","absent","1","none",50,"53.5",0,0,0,47,52,0,0,11,0,0,41,32,22,21,10.7237151207577,59.6919632561873,"Hylotelephium_maximum","0.1",31,19,"2023"
"18","5154c85c-27c3-4d61-bbea-982f019d070b",2023-06-26 10:00:00,"H-A-IS-ID-1","H","A","control","absent","1","none",50,"53.5",0,0,0,47,52,0,0,11,0,0,41,32,22,21,10.7237151207577,59.6919632561873,"Avenula_pubescens","0.1",31,19,"2023"
"19","5154c85c-27c3-4d61-bbea-982f019d070b",2023-06-26 10:00:00,"H-A-IS-ID-1","H","A","control","absent","1","none",50,"53.5",0,0,0,47,52,0,0,11,0,0,41,32,22,21,10.7237151207577,59.6919632561873,"Agrostis_capillaris","3",31,19,"2023"
"20","47f88677-70b0-4d33-b517-290654896b73",2023-06-26 10:00:00,"H-B-S-D-1","H","B","mowing","present","1","none",37,"42.3",1,2,7,30,82,0,0,5,0,0,22,14,27,17,10.7237734421471,59.6920001815729,"Dracocephalum_ruyschiana","12",19.5,17,"2023"
"21","47f88677-70b0-4d33-b517-290654896b73",2023-06-26 10:00:00,"H-B-S-D-1","H","B","mowing","present","1","none",37,"42.3",1,2,7,30,82,0,0,5,0,0,22,14,27,17,10.7237734421471,59.6920001815729,"Galium_verum","6",19.5,17,"2023"
"22","47f88677-70b0-4d33-b517-290654896b73",2023-06-26 10:00:00,"H-B-S-D-1","H","B","mowing","present","1","none",37,"42.3",1,2,7,30,82,0,0,5,0,0,22,14,27,17,10.7237734421471,59.6920001815729,"Stellaria_graminea","1",19.5,17,"2023"
"23","47f88677-70b0-4d33-b517-290654896b73",2023-06-26 10:00:00,"H-B-S-D-1","H","B","mowing","present","1","none",37,"42.3",1,2,7,30,82,0,0,5,0,0,22,14,27,17,10.7237734421471,59.6920001815729,"Rumex_acetosa_var._acetosa","3",19.5,17,"2023"
"24","47f88677-70b0-4d33-b517-290654896b73",2023-06-26 10:00:00,"H-B-S-D-1","H","B","mowing","present","1","none",37,"42.3",1,2,7,30,82,0,0,5,0,0,22,14,27,17,10.7237734421471,59.6920001815729,"Rosa","2",19.5,17,"2023"
"25","47f88677-70b0-4d33-b517-290654896b73",2023-06-26 10:00:00,"H-B-S-D-1","H","B","mowing","present","1","none",37,"42.3",1,2,7,30,82,0,0,5,0,0,22,14,27,17,10.7237734421471,59.6920001815729,"Rubus_idaeus","3",19.5,17,"2023"
"26","47f88677-70b0-4d33-b517-290654896b73",2023-06-26 10:00:00,"H-B-S-D-1","H","B","mowing","present","1","none",37,"42.3",1,2,7,30,82,0,0,5,0,0,22,14,27,17,10.7237734421471,59.6920001815729,"Achillea","4",19.5,17,"2023"
"27","47f88677-70b0-4d33-b517-290654896b73",2023-06-26 10:00:00,"H-B-S-D-1","H","B","mowing","present","1","none",37,"42.3",1,2,7,30,82,0,0,5,0,0,22,14,27,17,10.7237734421471,59.6920001815729,"Hypericum_perforatum","0.1",19.5,17,"2023"
"28","47f88677-70b0-4d33-b517-290654896b73",2023-06-26 10:00:00,"H-B-S-D-1","H","B","mowing","present","1","none",37,"42.3",1,2,7,30,82,0,0,5,0,0,22,14,27,17,10.7237734421471,59.6920001815729,"Hypericum_maculatum","1",19.5,17,"2023"
"29","47f88677-70b0-4d33-b517-290654896b73",2023-06-26 10:00:00,"H-B-S-D-1","H","B","mowing","present","1","none",37,"42.3",1,2,7,30,82,0,0,5,0,0,22,14,27,17,10.7237734421471,59.6920001815729,"Hylotelephium_maximum","1",19.5,17,"2023"
"30","47f88677-70b0-4d33-b517-290654896b73",2023-06-26 10:00:00,"H-B-S-D-1","H","B","mowing","present","1","none",37,"42.3",1,2,7,30,82,0,0,5,0,0,22,14,27,17,10.7237734421471,59.6920001815729,"Lathyrus_pratensis","0.1",19.5,17,"2023"
"31","47f88677-70b0-4d33-b517-290654896b73",2023-06-26 10:00:00,"H-B-S-D-1","H","B","mowing","present","1","none",37,"42.3",1,2,7,30,82,0,0,5,0,0,22,14,27,17,10.7237734421471,59.6920001815729,"Lathyrus_linifolius","2",19.5,17,"2023"
"32","47f88677-70b0-4d33-b517-290654896b73",2023-06-26 10:00:00,"H-B-S-D-1","H","B","mowing","present","1","none",37,"42.3",1,2,7,30,82,0,0,5,0,0,22,14,27,17,10.7237734421471,59.6920001815729,"Galeopsis_tetrahit","0.1",19.5,17,"2023"
"33","47f88677-70b0-4d33-b517-290654896b73",2023-06-26 10:00:00,"H-B-S-D-1","H","B","mowing","present","1","none",37,"42.3",1,2,7,30,82,0,0,5,0,0,22,14,27,17,10.7237734421471,59.6920001815729,"Avenella_flexuosa","2",19.5,17,"2023"
"34","47f88677-70b0-4d33-b517-290654896b73",2023-06-26 10:00:00,"H-B-S-D-1","H","B","mowing","present","1","none",37,"42.3",1,2,7,30,82,0,0,5,0,0,22,14,27,17,10.7237734421471,59.6920001815729,"Avenula_pubescens","1",19.5,17,"2023"
"35","47f88677-70b0-4d33-b517-290654896b73",2023-06-26 10:00:00,"H-B-S-D-1","H","B","mowing","present","1","none",37,"42.3",1,2,7,30,82,0,0,5,0,0,22,14,27,17,10.7237734421471,59.6920001815729,"Festuca_rubra","3",19.5,17,"2023"
"36","47f88677-70b0-4d33-b517-290654896b73",2023-06-26 10:00:00,"H-B-S-D-1","H","B","mowing","present","1","none",37,"42.3",1,2,7,30,82,0,0,5,0,0,22,14,27,17,10.7237734421471,59.6920001815729,"Agrostis_capillaris","1",19.5,17,"2023"
"37","559e036b-9372-4246-8d2b-d6bbf7af0916",2023-06-26 10:00:00,"H-C-IS-D-2","H","C","control","present","2","none",35,"36.3",2,2,4,35,48,0,2,0,0,0,9,5,8,14,10.7238299661329,59.6920447223604,"Dracocephalum_ruyschiana","6",11.5,13,"2023"
"38","559e036b-9372-4246-8d2b-d6bbf7af0916",2023-06-26 10:00:00,"H-C-IS-D-2","H","C","control","present","2","none",35,"36.3",2,2,4,35,48,0,2,0,0,0,9,5,8,14,10.7238299661329,59.6920447223604,"Hylotelephium_maximum","6",11.5,13,"2023"
"39","559e036b-9372-4246-8d2b-d6bbf7af0916",2023-06-26 10:00:00,"H-C-IS-D-2","H","C","control","present","2","none",35,"36.3",2,2,4,35,48,0,2,0,0,0,9,5,8,14,10.7238299661329,59.6920447223604,"Achillea_millefolium","4",11.5,13,"2023"
"40","559e036b-9372-4246-8d2b-d6bbf7af0916",2023-06-26 10:00:00,"H-C-IS-D-2","H","C","control","present","2","none",35,"36.3",2,2,4,35,48,0,2,0,0,0,9,5,8,14,10.7238299661329,59.6920447223604,"Rumex_acetosa_var._acetosa","0.1",11.5,13,"2023"
"41","559e036b-9372-4246-8d2b-d6bbf7af0916",2023-06-26 10:00:00,"H-C-IS-D-2","H","C","control","present","2","none",35,"36.3",2,2,4,35,48,0,2,0,0,0,9,5,8,14,10.7238299661329,59.6920447223604,"Avenula_pubescens","2",11.5,13,"2023"
"42","559e036b-9372-4246-8d2b-d6bbf7af0916",2023-06-26 10:00:00,"H-C-IS-D-2","H","C","control","present","2","none",35,"36.3",2,2,4,35,48,0,2,0,0,0,9,5,8,14,10.7238299661329,59.6920447223604,"Galium_verum","1",11.5,13,"2023"
"43","559e036b-9372-4246-8d2b-d6bbf7af0916",2023-06-26 10:00:00,"H-C-IS-D-2","H","C","control","present","2","none",35,"36.3",2,2,4,35,48,0,2,0,0,0,9,5,8,14,10.7238299661329,59.6920447223604,"Viscaria_vulgaris","1",11.5,13,"2023"
"44","559e036b-9372-4246-8d2b-d6bbf7af0916",2023-06-26 10:00:00,"H-C-IS-D-2","H","C","control","present","2","none",35,"36.3",2,2,4,35,48,0,2,0,0,0,9,5,8,14,10.7238299661329,59.6920447223604,"Viola_canina_subsp._canina","0.1",11.5,13,"2023"
"45","559e036b-9372-4246-8d2b-d6bbf7af0916",2023-06-26 10:00:00,"H-C-IS-D-2","H","C","control","present","2","none",35,"36.3",2,2,4,35,48,0,2,0,0,0,9,5,8,14,10.7238299661329,59.6920447223604,"Hypericum_perforatum","0.1",11.5,13,"2023"
"46","559e036b-9372-4246-8d2b-d6bbf7af0916",2023-06-26 10:00:00,"H-C-IS-D-2","H","C","control","present","2","none",35,"36.3",2,2,4,35,48,0,2,0,0,0,9,5,8,14,10.7238299661329,59.6920447223604,"Festuca_ovina","10",11.5,13,"2023"
"47","559e036b-9372-4246-8d2b-d6bbf7af0916",2023-06-26 10:00:00,"H-C-IS-D-2","H","C","control","present","2","none",35,"36.3",2,2,4,35,48,0,2,0,0,0,9,5,8,14,10.7238299661329,59.6920447223604,"Dactylis_glomerata","3",11.5,13,"2023"
"48","559e036b-9372-4246-8d2b-d6bbf7af0916",2023-06-26 10:00:00,"H-C-IS-D-2","H","C","control","present","2","none",35,"36.3",2,2,4,35,48,0,2,0,0,0,9,5,8,14,10.7238299661329,59.6920447223604,"Agrostis_capillaris","2",11.5,13,"2023"
"49","559e036b-9372-4246-8d2b-d6bbf7af0916",2023-06-26 10:00:00,"H-C-IS-D-2","H","C","control","present","2","none",35,"36.3",2,2,4,35,48,0,2,0,0,0,9,5,8,14,10.7238299661329,59.6920447223604,"Festuca_rubra","1",11.5,13,"2023"
"50","2f2ff737-1d06-439a-b189-9a0cee965bba",2023-06-26 10:00:00,"H-C-IS-D-3","H","C","control","present","3","none",55,"59.2",0,1,5,17,76,0,0,2,0,0,19,20,3,15,10.7238294897864,59.692041379877,"Dracocephalum_ruyschiana","17",17,16,"2023"
"51","2f2ff737-1d06-439a-b189-9a0cee965bba",2023-06-26 10:00:00,"H-C-IS-D-3","H","C","control","present","3","none",55,"59.2",0,1,5,17,76,0,0,2,0,0,19,20,3,15,10.7238294897864,59.692041379877,"Lathyrus_linifolius","5",17,16,"2023"
"52","2f2ff737-1d06-439a-b189-9a0cee965bba",2023-06-26 10:00:00,"H-C-IS-D-3","H","C","control","present","3","none",55,"59.2",0,1,5,17,76,0,0,2,0,0,19,20,3,15,10.7238294897864,59.692041379877,"Galium_verum","6",17,16,"2023"
"53","2f2ff737-1d06-439a-b189-9a0cee965bba",2023-06-26 10:00:00,"H-C-IS-D-3","H","C","control","present","3","none",55,"59.2",0,1,5,17,76,0,0,2,0,0,19,20,3,15,10.7238294897864,59.692041379877,"Veronica_chamaedrys","12",17,16,"2023"
"54","2f2ff737-1d06-439a-b189-9a0cee965bba",2023-06-26 10:00:00,"H-C-IS-D-3","H","C","control","present","3","none",55,"59.2",0,1,5,17,76,0,0,2,0,0,19,20,3,15,10.7238294897864,59.692041379877,"Hylotelephium_maximum","3",17,16,"2023"
"55","2f2ff737-1d06-439a-b189-9a0cee965bba",2023-06-26 10:00:00,"H-C-IS-D-3","H","C","control","present","3","none",55,"59.2",0,1,5,17,76,0,0,2,0,0,19,20,3,15,10.7238294897864,59.692041379877,"Rumex_acetosa_var._acetosa","2",17,16,"2023"
"56","2f2ff737-1d06-439a-b189-9a0cee965bba",2023-06-26 10:00:00,"H-C-IS-D-3","H","C","control","present","3","none",55,"59.2",0,1,5,17,76,0,0,2,0,0,19,20,3,15,10.7238294897864,59.692041379877,"Stellaria_graminea","0.1",17,16,"2023"
"57","2f2ff737-1d06-439a-b189-9a0cee965bba",2023-06-26 10:00:00,"H-C-IS-D-3","H","C","control","present","3","none",55,"59.2",0,1,5,17,76,0,0,2,0,0,19,20,3,15,10.7238294897864,59.692041379877,"Knautia_arvensis","1",17,16,"2023"
"58","2f2ff737-1d06-439a-b189-9a0cee965bba",2023-06-26 10:00:00,"H-C-IS-D-3","H","C","control","present","3","none",55,"59.2",0,1,5,17,76,0,0,2,0,0,19,20,3,15,10.7238294897864,59.692041379877,"Linaria_vulgaris","0.1",17,16,"2023"
"59","2f2ff737-1d06-439a-b189-9a0cee965bba",2023-06-26 10:00:00,"H-C-IS-D-3","H","C","control","present","3","none",55,"59.2",0,1,5,17,76,0,0,2,0,0,19,20,3,15,10.7238294897864,59.692041379877,"Anthriscus_sylvestris","1",17,16,"2023"
"60","2f2ff737-1d06-439a-b189-9a0cee965bba",2023-06-26 10:00:00,"H-C-IS-D-3","H","C","control","present","3","none",55,"59.2",0,1,5,17,76,0,0,2,0,0,19,20,3,15,10.7238294897864,59.692041379877,"Festuca_ovina","4",17,16,"2023"
"61","2f2ff737-1d06-439a-b189-9a0cee965bba",2023-06-26 10:00:00,"H-C-IS-D-3","H","C","control","present","3","none",55,"59.2",0,1,5,17,76,0,0,2,0,0,19,20,3,15,10.7238294897864,59.692041379877,"Avenula_pubescens","2",17,16,"2023"
"62","2f2ff737-1d06-439a-b189-9a0cee965bba",2023-06-26 10:00:00,"H-C-IS-D-3","H","C","control","present","3","none",55,"59.2",0,1,5,17,76,0,0,2,0,0,19,20,3,15,10.7238294897864,59.692041379877,"Agrostis_capillaris","3",17,16,"2023"
"63","2f2ff737-1d06-439a-b189-9a0cee965bba",2023-06-26 10:00:00,"H-C-IS-D-3","H","C","control","present","3","none",55,"59.2",0,1,5,17,76,0,0,2,0,0,19,20,3,15,10.7238294897864,59.692041379877,"Dactylis_glomerata","1",17,16,"2023"
"64","2f2ff737-1d06-439a-b189-9a0cee965bba",2023-06-26 10:00:00,"H-C-IS-D-3","H","C","control","present","3","none",55,"59.2",0,1,5,17,76,0,0,2,0,0,19,20,3,15,10.7238294897864,59.692041379877,"Rubus_idaeus","1",17,16,"2023"
"65","2f2ff737-1d06-439a-b189-9a0cee965bba",2023-06-26 10:00:00,"H-C-IS-D-3","H","C","control","present","3","none",55,"59.2",0,1,5,17,76,0,0,2,0,0,19,20,3,15,10.7238294897864,59.692041379877,"Quercus_robur","1",17,16,"2023"
"66","7007bb54-62e7-459d-9b48-6554719b72df",2023-06-26 10:00:00,"H-C-IS-D-1","H","C","control","present","1","none",42,"47.2",1,1,2,28,97,0,0,13,0,0,17,13,25,7,10.7237551154057,59.6920571786786,"Dracocephalum_ruyschiana","2",12,19,"2023"
"67","7007bb54-62e7-459d-9b48-6554719b72df",2023-06-26 10:00:00,"H-C-IS-D-1","H","C","control","present","1","none",42,"47.2",1,1,2,28,97,0,0,13,0,0,17,13,25,7,10.7237551154057,59.6920571786786,"Campanula_rotundifolia","2",12,19,"2023"
"68","7007bb54-62e7-459d-9b48-6554719b72df",2023-06-26 10:00:00,"H-C-IS-D-1","H","C","control","present","1","none",42,"47.2",1,1,2,28,97,0,0,13,0,0,17,13,25,7,10.7237551154057,59.6920571786786,"Veronica_chamaedrys","5",12,19,"2023"
"69","7007bb54-62e7-459d-9b48-6554719b72df",2023-06-26 10:00:00,"H-C-IS-D-1","H","C","control","present","1","none",42,"47.2",1,1,2,28,97,0,0,13,0,0,17,13,25,7,10.7237551154057,59.6920571786786,"Rosa","12",12,19,"2023"
"70","7007bb54-62e7-459d-9b48-6554719b72df",2023-06-26 10:00:00,"H-C-IS-D-1","H","C","control","present","1","none",42,"47.2",1,1,2,28,97,0,0,13,0,0,17,13,25,7,10.7237551154057,59.6920571786786,"Quercus_robur","1",12,19,"2023"
"71","7007bb54-62e7-459d-9b48-6554719b72df",2023-06-26 10:00:00,"H-C-IS-D-1","H","C","control","present","1","none",42,"47.2",1,1,2,28,97,0,0,13,0,0,17,13,25,7,10.7237551154057,59.6920571786786,"Rubus_idaeus","1",12,19,"2023"
"72","7007bb54-62e7-459d-9b48-6554719b72df",2023-06-26 10:00:00,"H-C-IS-D-1","H","C","control","present","1","none",42,"47.2",1,1,2,28,97,0,0,13,0,0,17,13,25,7,10.7237551154057,59.6920571786786,"Galium_verum","6",12,19,"2023"
"73","7007bb54-62e7-459d-9b48-6554719b72df",2023-06-26 10:00:00,"H-C-IS-D-1","H","C","control","present","1","none",42,"47.2",1,1,2,28,97,0,0,13,0,0,17,13,25,7,10.7237551154057,59.6920571786786,"Achillea_millefolium","1",12,19,"2023"
"74","7007bb54-62e7-459d-9b48-6554719b72df",2023-06-26 10:00:00,"H-C-IS-D-1","H","C","control","present","1","none",42,"47.2",1,1,2,28,97,0,0,13,0,0,17,13,25,7,10.7237551154057,59.6920571786786,"Viola_riviniana","1",12,19,"2023"
"75","7007bb54-62e7-459d-9b48-6554719b72df",2023-06-26 10:00:00,"H-C-IS-D-1","H","C","control","present","1","none",42,"47.2",1,1,2,28,97,0,0,13,0,0,17,13,25,7,10.7237551154057,59.6920571786786,"Rumex_acetosa_var._acetosa","3",12,19,"2023"
"76","7007bb54-62e7-459d-9b48-6554719b72df",2023-06-26 10:00:00,"H-C-IS-D-1","H","C","control","present","1","none",42,"47.2",1,1,2,28,97,0,0,13,0,0,17,13,25,7,10.7237551154057,59.6920571786786,"Hypericum_maculatum","4",12,19,"2023"
"77","7007bb54-62e7-459d-9b48-6554719b72df",2023-06-26 10:00:00,"H-C-IS-D-1","H","C","control","present","1","none",42,"47.2",1,1,2,28,97,0,0,13,0,0,17,13,25,7,10.7237551154057,59.6920571786786,"Hypericum_perforatum","1",12,19,"2023"
"78","7007bb54-62e7-459d-9b48-6554719b72df",2023-06-26 10:00:00,"H-C-IS-D-1","H","C","control","present","1","none",42,"47.2",1,1,2,28,97,0,0,13,0,0,17,13,25,7,10.7237551154057,59.6920571786786,"Hylotelephium_maximum","1",12,19,"2023"
"79","7007bb54-62e7-459d-9b48-6554719b72df",2023-06-26 10:00:00,"H-C-IS-D-1","H","C","control","present","1","none",42,"47.2",1,1,2,28,97,0,0,13,0,0,17,13,25,7,10.7237551154057,59.6920571786786,"Stellaria_graminea","0.1",12,19,"2023"
"80","7007bb54-62e7-459d-9b48-6554719b72df",2023-06-26 10:00:00,"H-C-IS-D-1","H","C","control","present","1","none",42,"47.2",1,1,2,28,97,0,0,13,0,0,17,13,25,7,10.7237551154057,59.6920571786786,"Lathyrus_linifolius","0.1",12,19,"2023"
"81","7007bb54-62e7-459d-9b48-6554719b72df",2023-06-26 10:00:00,"H-C-IS-D-1","H","C","control","present","1","none",42,"47.2",1,1,2,28,97,0,0,13,0,0,17,13,25,7,10.7237551154057,59.6920571786786,"Avenula_pubescens","1",12,19,"2023"
"82","7007bb54-62e7-459d-9b48-6554719b72df",2023-06-26 10:00:00,"H-C-IS-D-1","H","C","control","present","1","none",42,"47.2",1,1,2,28,97,0,0,13,0,0,17,13,25,7,10.7237551154057,59.6920571786786,"Lathyrus_pratensis","1",12,19,"2023"
"83","7007bb54-62e7-459d-9b48-6554719b72df",2023-06-26 10:00:00,"H-C-IS-D-1","H","C","control","present","1","none",42,"47.2",1,1,2,28,97,0,0,13,0,0,17,13,25,7,10.7237551154057,59.6920571786786,"Festuca_rubra","4",12,19,"2023"
"84","7007bb54-62e7-459d-9b48-6554719b72df",2023-06-26 10:00:00,"H-C-IS-D-1","H","C","control","present","1","none",42,"47.2",1,1,2,28,97,0,0,13,0,0,17,13,25,7,10.7237551154057,59.6920571786786,"Ajuga_pyramidalis","1",12,19,"2023"
"85","6dec973a-083c-465b-aa07-94e5bcdaeaee",2023-06-26 10:00:00,"H-D-S-D-1","H","D","mowing","present","1","none",28,"28.4",0,0,1,41,38,0,8,0,0,0,16,22,7,3,10.7237644870933,59.6920506084736,"Dracocephalum_ruyschiana","3",9.5,12,"2023"
"86","6dec973a-083c-465b-aa07-94e5bcdaeaee",2023-06-26 10:00:00,"H-D-S-D-1","H","D","mowing","present","1","none",28,"28.4",0,0,1,41,38,0,8,0,0,0,16,22,7,3,10.7237644870933,59.6920506084736,"Hylotelephium_maximum","4",9.5,12,"2023"
"87","6dec973a-083c-465b-aa07-94e5bcdaeaee",2023-06-26 10:00:00,"H-D-S-D-1","H","D","mowing","present","1","none",28,"28.4",0,0,1,41,38,0,8,0,0,0,16,22,7,3,10.7237644870933,59.6920506084736,"Hypericum_perforatum","0.1",9.5,12,"2023"
"88","6dec973a-083c-465b-aa07-94e5bcdaeaee",2023-06-26 10:00:00,"H-D-S-D-1","H","D","mowing","present","1","none",28,"28.4",0,0,1,41,38,0,8,0,0,0,16,22,7,3,10.7237644870933,59.6920506084736,"Knautia","1",9.5,12,"2023"
"89","6dec973a-083c-465b-aa07-94e5bcdaeaee",2023-06-26 10:00:00,"H-D-S-D-1","H","D","mowing","present","1","none",28,"28.4",0,0,1,41,38,0,8,0,0,0,16,22,7,3,10.7237644870933,59.6920506084736,"Viscaria_vulgaris","2",9.5,12,"2023"
"90","6dec973a-083c-465b-aa07-94e5bcdaeaee",2023-06-26 10:00:00,"H-D-S-D-1","H","D","mowing","present","1","none",28,"28.4",0,0,1,41,38,0,8,0,0,0,16,22,7,3,10.7237644870933,59.6920506084736,"Potentilla_argentea","1",9.5,12,"2023"
"91","6dec973a-083c-465b-aa07-94e5bcdaeaee",2023-06-26 10:00:00,"H-D-S-D-1","H","D","mowing","present","1","none",28,"28.4",0,0,1,41,38,0,8,0,0,0,16,22,7,3,10.7237644870933,59.6920506084736,"Galium_verum","0.1",9.5,12,"2023"
"92","6dec973a-083c-465b-aa07-94e5bcdaeaee",2023-06-26 10:00:00,"H-D-S-D-1","H","D","mowing","present","1","none",28,"28.4",0,0,1,41,38,0,8,0,0,0,16,22,7,3,10.7237644870933,59.6920506084736,"Festuca_ovina","14",9.5,12,"2023"
"93","6dec973a-083c-465b-aa07-94e5bcdaeaee",2023-06-26 10:00:00,"H-D-S-D-1","H","D","mowing","present","1","none",28,"28.4",0,0,1,41,38,0,8,0,0,0,16,22,7,3,10.7237644870933,59.6920506084736,"Linaria_vulgaris","0.1",9.5,12,"2023"
"94","6dec973a-083c-465b-aa07-94e5bcdaeaee",2023-06-26 10:00:00,"H-D-S-D-1","H","D","mowing","present","1","none",28,"28.4",0,0,1,41,38,0,8,0,0,0,16,22,7,3,10.7237644870933,59.6920506084736,"Festuca_rubra","1",9.5,12,"2023"
"95","6dec973a-083c-465b-aa07-94e5bcdaeaee",2023-06-26 10:00:00,"H-D-S-D-1","H","D","mowing","present","1","none",28,"28.4",0,0,1,41,38,0,8,0,0,0,16,22,7,3,10.7237644870933,59.6920506084736,"Rumex_acetosa_var._acetosa","0.1",9.5,12,"2023"
"96","6dec973a-083c-465b-aa07-94e5bcdaeaee",2023-06-26 10:00:00,"H-D-S-D-1","H","D","mowing","present","1","none",28,"28.4",0,0,1,41,38,0,8,0,0,0,16,22,7,3,10.7237644870933,59.6920506084736,"Agrostis_capillaris","2",9.5,12,"2023"
"97","1c01ed61-8ad4-473a-aa2a-93f910fb1ac4",2023-06-26 10:00:00,"H-D-S-D-2","H","D","mowing","present","2","none",25,"29.5",0,1,4,32,79,0,4,0,0,0,10,6,20,11,10.7238862644652,59.6920682348251,"Dracocephalum_ruyschiana","3",10.5,15,"2023"
"98","1c01ed61-8ad4-473a-aa2a-93f910fb1ac4",2023-06-26 10:00:00,"H-D-S-D-2","H","D","mowing","present","2","none",25,"29.5",0,1,4,32,79,0,4,0,0,0,10,6,20,11,10.7238862644652,59.6920682348251,"Lotus_corniculatus","2",10.5,15,"2023"
"99","1c01ed61-8ad4-473a-aa2a-93f910fb1ac4",2023-06-26 10:00:00,"H-D-S-D-2","H","D","mowing","present","2","none",25,"29.5",0,1,4,32,79,0,4,0,0,0,10,6,20,11,10.7238862644652,59.6920682348251,"Viscaria_vulgaris","0.1",10.5,15,"2023"
"100","1c01ed61-8ad4-473a-aa2a-93f910fb1ac4",2023-06-26 10:00:00,"H-D-S-D-2","H","D","mowing","present","2","none",25,"29.5",0,1,4,32,79,0,4,0,0,0,10,6,20,11,10.7238862644652,59.6920682348251,"Achillea_millefolium","2",10.5,15,"2023"
"101","1c01ed61-8ad4-473a-aa2a-93f910fb1ac4",2023-06-26 10:00:00,"H-D-S-D-2","H","D","mowing","present","2","none",25,"29.5",0,1,4,32,79,0,4,0,0,0,10,6,20,11,10.7238862644652,59.6920682348251,"Arabidopsis_thaliana","1",10.5,15,"2023"
"102","1c01ed61-8ad4-473a-aa2a-93f910fb1ac4",2023-06-26 10:00:00,"H-D-S-D-2","H","D","mowing","present","2","none",25,"29.5",0,1,4,32,79,0,4,0,0,0,10,6,20,11,10.7238862644652,59.6920682348251,"Linaria_vulgaris","0.1",10.5,15,"2023"
"103","1c01ed61-8ad4-473a-aa2a-93f910fb1ac4",2023-06-26 10:00:00,"H-D-S-D-2","H","D","mowing","present","2","none",25,"29.5",0,1,4,32,79,0,4,0,0,0,10,6,20,11,10.7238862644652,59.6920682348251,"Lathyrus_linifolius","2",10.5,15,"2023"
"104","1c01ed61-8ad4-473a-aa2a-93f910fb1ac4",2023-06-26 10:00:00,"H-D-S-D-2","H","D","mowing","present","2","none",25,"29.5",0,1,4,32,79,0,4,0,0,0,10,6,20,11,10.7238862644652,59.6920682348251,"Galium_verum","1",10.5,15,"2023"
"105","1c01ed61-8ad4-473a-aa2a-93f910fb1ac4",2023-06-26 10:00:00,"H-D-S-D-2","H","D","mowing","present","2","none",25,"29.5",0,1,4,32,79,0,4,0,0,0,10,6,20,11,10.7238862644652,59.6920682348251,"Veronica_chamaedrys","0.1",10.5,15,"2023"
"106","1c01ed61-8ad4-473a-aa2a-93f910fb1ac4",2023-06-26 10:00:00,"H-D-S-D-2","H","D","mowing","present","2","none",25,"29.5",0,1,4,32,79,0,4,0,0,0,10,6,20,11,10.7238862644652,59.6920682348251,"Festuca_ovina","8",10.5,15,"2023"
"107","1c01ed61-8ad4-473a-aa2a-93f910fb1ac4",2023-06-26 10:00:00,"H-D-S-D-2","H","D","mowing","present","2","none",25,"29.5",0,1,4,32,79,0,4,0,0,0,10,6,20,11,10.7238862644652,59.6920682348251,"Festuca_rubra","7",10.5,15,"2023"
"108","1c01ed61-8ad4-473a-aa2a-93f910fb1ac4",2023-06-26 10:00:00,"H-D-S-D-2","H","D","mowing","present","2","none",25,"29.5",0,1,4,32,79,0,4,0,0,0,10,6,20,11,10.7238862644652,59.6920682348251,"Dactylis_glomerata","2",10.5,15,"2023"
"109","1c01ed61-8ad4-473a-aa2a-93f910fb1ac4",2023-06-26 10:00:00,"H-D-S-D-2","H","D","mowing","present","2","none",25,"29.5",0,1,4,32,79,0,4,0,0,0,10,6,20,11,10.7238862644652,59.6920682348251,"Hypericum_maculatum","0.1",10.5,15,"2023"
"110","1c01ed61-8ad4-473a-aa2a-93f910fb1ac4",2023-06-26 10:00:00,"H-D-S-D-2","H","D","mowing","present","2","none",25,"29.5",0,1,4,32,79,0,4,0,0,0,10,6,20,11,10.7238862644652,59.6920682348251,"Avenula_pubescens","1",10.5,15,"2023"
"111","1c01ed61-8ad4-473a-aa2a-93f910fb1ac4",2023-06-26 10:00:00,"H-D-S-D-2","H","D","mowing","present","2","none",25,"29.5",0,1,4,32,79,0,4,0,0,0,10,6,20,11,10.7238862644652,59.6920682348251,"Stellaria_graminea","0.1",10.5,15,"2023"
"112","d7c9e324-3db7-4fc2-8529-34364e3660de",2023-06-26 10:00:00,"H-E-IS-D-1","H","E","control","present","1","none",8,"44.2",0,0,2,36,42,10,0,22,0,0,18,42,2,8,10.7238706201885,59.6920562093801,"Dracocephalum_ruyschiana","3",13,15,"2023"
"113","d7c9e324-3db7-4fc2-8529-34364e3660de",2023-06-26 10:00:00,"H-E-IS-D-1","H","E","control","present","1","none",8,"44.2",0,0,2,36,42,10,0,22,0,0,18,42,2,8,10.7238706201885,59.6920562093801,"Rosa","14",13,15,"2023"
"114","d7c9e324-3db7-4fc2-8529-34364e3660de",2023-06-26 10:00:00,"H-E-IS-D-1","H","E","control","present","1","none",8,"44.2",0,0,2,36,42,10,0,22,0,0,18,42,2,8,10.7238706201885,59.6920562093801,"Quercus_robur","8",13,15,"2023"
"115","d7c9e324-3db7-4fc2-8529-34364e3660de",2023-06-26 10:00:00,"H-E-IS-D-1","H","E","control","present","1","none",8,"44.2",0,0,2,36,42,10,0,22,0,0,18,42,2,8,10.7238706201885,59.6920562093801,"Viola_canina_subsp._canina","1",13,15,"2023"
"116","d7c9e324-3db7-4fc2-8529-34364e3660de",2023-06-26 10:00:00,"H-E-IS-D-1","H","E","control","present","1","none",8,"44.2",0,0,2,36,42,10,0,22,0,0,18,42,2,8,10.7238706201885,59.6920562093801,"Rumex_acetosa_var._acetosa","1",13,15,"2023"
"117","d7c9e324-3db7-4fc2-8529-34364e3660de",2023-06-26 10:00:00,"H-E-IS-D-1","H","E","control","present","1","none",8,"44.2",0,0,2,36,42,10,0,22,0,0,18,42,2,8,10.7238706201885,59.6920562093801,"Hylotelephium_maximum","1",13,15,"2023"
"118","d7c9e324-3db7-4fc2-8529-34364e3660de",2023-06-26 10:00:00,"H-E-IS-D-1","H","E","control","present","1","none",8,"44.2",0,0,2,36,42,10,0,22,0,0,18,42,2,8,10.7238706201885,59.6920562093801,"Linaria_vulgaris","1",13,15,"2023"
"119","d7c9e324-3db7-4fc2-8529-34364e3660de",2023-06-26 10:00:00,"H-E-IS-D-1","H","E","control","present","1","none",8,"44.2",0,0,2,36,42,10,0,22,0,0,18,42,2,8,10.7238706201885,59.6920562093801,"Lathyrus_linifolius","3",13,15,"2023"
"120","d7c9e324-3db7-4fc2-8529-34364e3660de",2023-06-26 10:00:00,"H-E-IS-D-1","H","E","control","present","1","none",8,"44.2",0,0,2,36,42,10,0,22,0,0,18,42,2,8,10.7238706201885,59.6920562093801,"Galium_verum","2",13,15,"2023"
"121","d7c9e324-3db7-4fc2-8529-34364e3660de",2023-06-26 10:00:00,"H-E-IS-D-1","H","E","control","present","1","none",8,"44.2",0,0,2,36,42,10,0,22,0,0,18,42,2,8,10.7238706201885,59.6920562093801,"Viscaria_vulgaris","1",13,15,"2023"
"122","d7c9e324-3db7-4fc2-8529-34364e3660de",2023-06-26 10:00:00,"H-E-IS-D-1","H","E","control","present","1","none",8,"44.2",0,0,2,36,42,10,0,22,0,0,18,42,2,8,10.7238706201885,59.6920562093801,"Veronica_chamaedrys","1",13,15,"2023"
"123","d7c9e324-3db7-4fc2-8529-34364e3660de",2023-06-26 10:00:00,"H-E-IS-D-1","H","E","control","present","1","none",8,"44.2",0,0,2,36,42,10,0,22,0,0,18,42,2,8,10.7238706201885,59.6920562093801,"Hypericum_perforatum","0.1",13,15,"2023"
"124","d7c9e324-3db7-4fc2-8529-34364e3660de",2023-06-26 10:00:00,"H-E-IS-D-1","H","E","control","present","1","none",8,"44.2",0,0,2,36,42,10,0,22,0,0,18,42,2,8,10.7238706201885,59.6920562093801,"Festuca_ovina","4",13,15,"2023"
"125","d7c9e324-3db7-4fc2-8529-34364e3660de",2023-06-26 10:00:00,"H-E-IS-D-1","H","E","control","present","1","none",8,"44.2",0,0,2,36,42,10,0,22,0,0,18,42,2,8,10.7238706201885,59.6920562093801,"Festuca_rubra","4",13,15,"2023"
"126","d7c9e324-3db7-4fc2-8529-34364e3660de",2023-06-26 10:00:00,"H-E-IS-D-1","H","E","control","present","1","none",8,"44.2",0,0,2,36,42,10,0,22,0,0,18,42,2,8,10.7238706201885,59.6920562093801,"Lathyrus_pratensis","0.1",13,15,"2023"
"127","d791f1bf-3611-4c5f-9b36-a9107b2b6e1d",2023-06-26 10:00:00,"H-A-IS-ID-2","H","A","control","absent","2","none",15,"16.2",0,0,0,25,60,3,1,0,0,0,29,0,7,14,10.723729553607,59.6919872982212,"Linaria_vulgaris","1",21.5,8,"2023"
"128","d791f1bf-3611-4c5f-9b36-a9107b2b6e1d",2023-06-26 10:00:00,"H-A-IS-ID-2","H","A","control","absent","2","none",15,"16.2",0,0,0,25,60,3,1,0,0,0,29,0,7,14,10.723729553607,59.6919872982212,"Galium_verum","1",21.5,8,"2023"
"129","d791f1bf-3611-4c5f-9b36-a9107b2b6e1d",2023-06-26 10:00:00,"H-A-IS-ID-2","H","A","control","absent","2","none",15,"16.2",0,0,0,25,60,3,1,0,0,0,29,0,7,14,10.723729553607,59.6919872982212,"Viscaria_vulgaris","3",21.5,8,"2023"
"130","d791f1bf-3611-4c5f-9b36-a9107b2b6e1d",2023-06-26 10:00:00,"H-A-IS-ID-2","H","A","control","absent","2","none",15,"16.2",0,0,0,25,60,3,1,0,0,0,29,0,7,14,10.723729553607,59.6919872982212,"Hylotelephium_maximum","0.1",21.5,8,"2023"
"131","d791f1bf-3611-4c5f-9b36-a9107b2b6e1d",2023-06-26 10:00:00,"H-A-IS-ID-2","H","A","control","absent","2","none",15,"16.2",0,0,0,25,60,3,1,0,0,0,29,0,7,14,10.723729553607,59.6919872982212,"Festuca_ovina","8",21.5,8,"2023"
"132","d791f1bf-3611-4c5f-9b36-a9107b2b6e1d",2023-06-26 10:00:00,"H-A-IS-ID-2","H","A","control","absent","2","none",15,"16.2",0,0,0,25,60,3,1,0,0,0,29,0,7,14,10.723729553607,59.6919872982212,"Avenella_flexuosa","2",21.5,8,"2023"
"133","d791f1bf-3611-4c5f-9b36-a9107b2b6e1d",2023-06-26 10:00:00,"H-A-IS-ID-2","H","A","control","absent","2","none",15,"16.2",0,0,0,25,60,3,1,0,0,0,29,0,7,14,10.723729553607,59.6919872982212,"Agrostis_capillaris","0.1",21.5,8,"2023"
"134","d791f1bf-3611-4c5f-9b36-a9107b2b6e1d",2023-06-26 10:00:00,"H-A-IS-ID-2","H","A","control","absent","2","none",15,"16.2",0,0,0,25,60,3,1,0,0,0,29,0,7,14,10.723729553607,59.6919872982212,"Festuca_rubra","1",21.5,8,"2023"
"135","610a22ff-6860-41dc-bd8f-698546b43ee7",2023-06-26 10:00:00,"H-B-S-ID-1","H","B","mowing","absent","1","none",35,"35.4",0,0,0,3,85,0,0,6,0,0,24,31,3,42,10.7236978025315,59.6920129696727,"Hylotelephium_maximum","1",33,13,"2023"
"136","610a22ff-6860-41dc-bd8f-698546b43ee7",2023-06-26 10:00:00,"H-B-S-ID-1","H","B","mowing","absent","1","none",35,"35.4",0,0,0,3,85,0,0,6,0,0,24,31,3,42,10.7236978025315,59.6920129696727,"Hypericum_maculatum","3",33,13,"2023"
"137","610a22ff-6860-41dc-bd8f-698546b43ee7",2023-06-26 10:00:00,"H-B-S-ID-1","H","B","mowing","absent","1","none",35,"35.4",0,0,0,3,85,0,0,6,0,0,24,31,3,42,10.7236978025315,59.6920129696727,"Hypericum_perforatum","1",33,13,"2023"
"138","610a22ff-6860-41dc-bd8f-698546b43ee7",2023-06-26 10:00:00,"H-B-S-ID-1","H","B","mowing","absent","1","none",35,"35.4",0,0,0,3,85,0,0,6,0,0,24,31,3,42,10.7236978025315,59.6920129696727,"Rumex_acetosa_var._acetosa","5",33,13,"2023"
"139","610a22ff-6860-41dc-bd8f-698546b43ee7",2023-06-26 10:00:00,"H-B-S-ID-1","H","B","mowing","absent","1","none",35,"35.4",0,0,0,3,85,0,0,6,0,0,24,31,3,42,10.7236978025315,59.6920129696727,"Galium_verum","5",33,13,"2023"
"140","610a22ff-6860-41dc-bd8f-698546b43ee7",2023-06-26 10:00:00,"H-B-S-ID-1","H","B","mowing","absent","1","none",35,"35.4",0,0,0,3,85,0,0,6,0,0,24,31,3,42,10.7236978025315,59.6920129696727,"Lathyrus_linifolius","10",33,13,"2023"
"141","610a22ff-6860-41dc-bd8f-698546b43ee7",2023-06-26 10:00:00,"H-B-S-ID-1","H","B","mowing","absent","1","none",35,"35.4",0,0,0,3,85,0,0,6,0,0,24,31,3,42,10.7236978025315,59.6920129696727,"Anthriscus_sylvestris","2",33,13,"2023"
"142","610a22ff-6860-41dc-bd8f-698546b43ee7",2023-06-26 10:00:00,"H-B-S-ID-1","H","B","mowing","absent","1","none",35,"35.4",0,0,0,3,85,0,0,6,0,0,24,31,3,42,10.7236978025315,59.6920129696727,"Galeopsis_tetrahit","0.1",33,13,"2023"
"143","610a22ff-6860-41dc-bd8f-698546b43ee7",2023-06-26 10:00:00,"H-B-S-ID-1","H","B","mowing","absent","1","none",35,"35.4",0,0,0,3,85,0,0,6,0,0,24,31,3,42,10.7236978025315,59.6920129696727,"Rubus_idaeus","0.1",33,13,"2023"
"144","610a22ff-6860-41dc-bd8f-698546b43ee7",2023-06-26 10:00:00,"H-B-S-ID-1","H","B","mowing","absent","1","none",35,"35.4",0,0,0,3,85,0,0,6,0,0,24,31,3,42,10.7236978025315,59.6920129696727,"Rosa","6",33,13,"2023"
"145","610a22ff-6860-41dc-bd8f-698546b43ee7",2023-06-26 10:00:00,"H-B-S-ID-1","H","B","mowing","absent","1","none",35,"35.4",0,0,0,3,85,0,0,6,0,0,24,31,3,42,10.7236978025315,59.6920129696727,"Agrostis_capillaris","2",33,13,"2023"
"146","610a22ff-6860-41dc-bd8f-698546b43ee7",2023-06-26 10:00:00,"H-B-S-ID-1","H","B","mowing","absent","1","none",35,"35.4",0,0,0,3,85,0,0,6,0,0,24,31,3,42,10.7236978025315,59.6920129696727,"Avenella_flexuosa","0.1",33,13,"2023"
"147","610a22ff-6860-41dc-bd8f-698546b43ee7",2023-06-26 10:00:00,"H-B-S-ID-1","H","B","mowing","absent","1","none",35,"35.4",0,0,0,3,85,0,0,6,0,0,24,31,3,42,10.7236978025315,59.6920129696727,"Deschampsia_cespitosa_subsp._cespitosa","0.1",33,13,"2023"
"148","532fbc90-10d0-44bb-8e6f-6076d913daba",2023-06-26 10:00:00,"H-C-IS-ID-1","H","C","control","absent","1","none",27,"27.3",0,0,0,1,85,0,1,2,0,0,23,13,13,4,10.7237563764627,59.6920457842019,"Hypericum_perforatum","1",13.5,12,"2023"
"149","532fbc90-10d0-44bb-8e6f-6076d913daba",2023-06-26 10:00:00,"H-C-IS-ID-1","H","C","control","absent","1","none",27,"27.3",0,0,0,1,85,0,1,2,0,0,23,13,13,4,10.7237563764627,59.6920457842019,"Galium_verum","4",13.5,12,"2023"
"150","532fbc90-10d0-44bb-8e6f-6076d913daba",2023-06-26 10:00:00,"H-C-IS-ID-1","H","C","control","absent","1","none",27,"27.3",0,0,0,1,85,0,1,2,0,0,23,13,13,4,10.7237563764627,59.6920457842019,"Lathyrus_pratensis","0.1",13.5,12,"2023"
"151","532fbc90-10d0-44bb-8e6f-6076d913daba",2023-06-26 10:00:00,"H-C-IS-ID-1","H","C","control","absent","1","none",27,"27.3",0,0,0,1,85,0,1,2,0,0,23,13,13,4,10.7237563764627,59.6920457842019,"Lotus_corniculatus","2",13.5,12,"2023"
"152","532fbc90-10d0-44bb-8e6f-6076d913daba",2023-06-26 10:00:00,"H-C-IS-ID-1","H","C","control","absent","1","none",27,"27.3",0,0,0,1,85,0,1,2,0,0,23,13,13,4,10.7237563764627,59.6920457842019,"Stellaria_graminea","0.1",13.5,12,"2023"
"153","532fbc90-10d0-44bb-8e6f-6076d913daba",2023-06-26 10:00:00,"H-C-IS-ID-1","H","C","control","absent","1","none",27,"27.3",0,0,0,1,85,0,1,2,0,0,23,13,13,4,10.7237563764627,59.6920457842019,"Lathyrus_linifolius","2",13.5,12,"2023"
"154","532fbc90-10d0-44bb-8e6f-6076d913daba",2023-06-26 10:00:00,"H-C-IS-ID-1","H","C","control","absent","1","none",27,"27.3",0,0,0,1,85,0,1,2,0,0,23,13,13,4,10.7237563764627,59.6920457842019,"Rumex_acetosa_var._acetosa","4",13.5,12,"2023"
"155","532fbc90-10d0-44bb-8e6f-6076d913daba",2023-06-26 10:00:00,"H-C-IS-ID-1","H","C","control","absent","1","none",27,"27.3",0,0,0,1,85,0,1,2,0,0,23,13,13,4,10.7237563764627,59.6920457842019,"Quercus_robur","0.1",13.5,12,"2023"
"156","532fbc90-10d0-44bb-8e6f-6076d913daba",2023-06-26 10:00:00,"H-C-IS-ID-1","H","C","control","absent","1","none",27,"27.3",0,0,0,1,85,0,1,2,0,0,23,13,13,4,10.7237563764627,59.6920457842019,"Rubus_idaeus","2",13.5,12,"2023"
"157","532fbc90-10d0-44bb-8e6f-6076d913daba",2023-06-26 10:00:00,"H-C-IS-ID-1","H","C","control","absent","1","none",27,"27.3",0,0,0,1,85,0,1,2,0,0,23,13,13,4,10.7237563764627,59.6920457842019,"Avenella_flexuosa","4",13.5,12,"2023"
"158","532fbc90-10d0-44bb-8e6f-6076d913daba",2023-06-26 10:00:00,"H-C-IS-ID-1","H","C","control","absent","1","none",27,"27.3",0,0,0,1,85,0,1,2,0,0,23,13,13,4,10.7237563764627,59.6920457842019,"Agrostis_capillaris","2",13.5,12,"2023"
"159","532fbc90-10d0-44bb-8e6f-6076d913daba",2023-06-26 10:00:00,"H-C-IS-ID-1","H","C","control","absent","1","none",27,"27.3",0,0,0,1,85,0,1,2,0,0,23,13,13,4,10.7237563764627,59.6920457842019,"Festuca_rubra","6",13.5,12,"2023"
"160","7b59e575-0197-47c7-809a-2f227be8bcbb",2023-06-26 10:00:00,"H-D-S-ID-1","H","D","mowing","absent","1","none",20,"26.4",0,0,0,10,75,0,0,5,0,0,8,5,19,8,10.7237137157303,59.6920835118176,"Rosa","5",8,10,"2023"
"161","7b59e575-0197-47c7-809a-2f227be8bcbb",2023-06-26 10:00:00,"H-D-S-ID-1","H","D","mowing","absent","1","none",20,"26.4",0,0,0,10,75,0,0,5,0,0,8,5,19,8,10.7237137157303,59.6920835118176,"Hylotelephium_maximum","0.1",8,10,"2023"
"162","7b59e575-0197-47c7-809a-2f227be8bcbb",2023-06-26 10:00:00,"H-D-S-ID-1","H","D","mowing","absent","1","none",20,"26.4",0,0,0,10,75,0,0,5,0,0,8,5,19,8,10.7237137157303,59.6920835118176,"Lotus_corniculatus","1",8,10,"2023"
"163","7b59e575-0197-47c7-809a-2f227be8bcbb",2023-06-26 10:00:00,"H-D-S-ID-1","H","D","mowing","absent","1","none",20,"26.4",0,0,0,10,75,0,0,5,0,0,8,5,19,8,10.7237137157303,59.6920835118176,"Lathyrus_linifolius","1",8,10,"2023"
"164","7b59e575-0197-47c7-809a-2f227be8bcbb",2023-06-26 10:00:00,"H-D-S-ID-1","H","D","mowing","absent","1","none",20,"26.4",0,0,0,10,75,0,0,5,0,0,8,5,19,8,10.7237137157303,59.6920835118176,"Galium_verum","3",8,10,"2023"
"165","7b59e575-0197-47c7-809a-2f227be8bcbb",2023-06-26 10:00:00,"H-D-S-ID-1","H","D","mowing","absent","1","none",20,"26.4",0,0,0,10,75,0,0,5,0,0,8,5,19,8,10.7237137157303,59.6920835118176,"Campanula_rotundifolia","1",8,10,"2023"
"166","7b59e575-0197-47c7-809a-2f227be8bcbb",2023-06-26 10:00:00,"H-D-S-ID-1","H","D","mowing","absent","1","none",20,"26.4",0,0,0,10,75,0,0,5,0,0,8,5,19,8,10.7237137157303,59.6920835118176,"Achillea_millefolium","0.1",8,10,"2023"
"167","7b59e575-0197-47c7-809a-2f227be8bcbb",2023-06-26 10:00:00,"H-D-S-ID-1","H","D","mowing","absent","1","none",20,"26.4",0,0,0,10,75,0,0,5,0,0,8,5,19,8,10.7237137157303,59.6920835118176,"Avenula_pubescens","0.1",8,10,"2023"
"168","7b59e575-0197-47c7-809a-2f227be8bcbb",2023-06-26 10:00:00,"H-D-S-ID-1","H","D","mowing","absent","1","none",20,"26.4",0,0,0,10,75,0,0,5,0,0,8,5,19,8,10.7237137157303,59.6920835118176,"Festuca_ovina","15",8,10,"2023"
"169","7b59e575-0197-47c7-809a-2f227be8bcbb",2023-06-26 10:00:00,"H-D-S-ID-1","H","D","mowing","absent","1","none",20,"26.4",0,0,0,10,75,0,0,5,0,0,8,5,19,8,10.7237137157303,59.6920835118176,"Festuca_rubra","0.1",8,10,"2023"
"170","e64a9f40-c6b0-4f05-87ef-a226c1852a6e",2023-06-26 10:00:00,"H-D-S-ID-2","H","D","mowing","absent","2","none",35,"35.5",0,0,0,9,47,0,2,0,0,0,9,2,4,9,10.7237837779381,59.692051367338,"Hypericum_maculatum","1",9,13,"2023"
"171","e64a9f40-c6b0-4f05-87ef-a226c1852a6e",2023-06-26 10:00:00,"H-D-S-ID-2","H","D","mowing","absent","2","none",35,"35.5",0,0,0,9,47,0,2,0,0,0,9,2,4,9,10.7237837779381,59.692051367338,"Hylotelephium_maximum","1",9,13,"2023"
"172","e64a9f40-c6b0-4f05-87ef-a226c1852a6e",2023-06-26 10:00:00,"H-D-S-ID-2","H","D","mowing","absent","2","none",35,"35.5",0,0,0,9,47,0,2,0,0,0,9,2,4,9,10.7237837779381,59.692051367338,"Viscaria_vulgaris","2",9,13,"2023"
"173","e64a9f40-c6b0-4f05-87ef-a226c1852a6e",2023-06-26 10:00:00,"H-D-S-ID-2","H","D","mowing","absent","2","none",35,"35.5",0,0,0,9,47,0,2,0,0,0,9,2,4,9,10.7237837779381,59.692051367338,"Achillea_millefolium","1",9,13,"2023"
"174","e64a9f40-c6b0-4f05-87ef-a226c1852a6e",2023-06-26 10:00:00,"H-D-S-ID-2","H","D","mowing","absent","2","none",35,"35.5",0,0,0,9,47,0,2,0,0,0,9,2,4,9,10.7237837779381,59.692051367338,"Viola_riviniana","0.1",9,13,"2023"
"175","e64a9f40-c6b0-4f05-87ef-a226c1852a6e",2023-06-26 10:00:00,"H-D-S-ID-2","H","D","mowing","absent","2","none",35,"35.5",0,0,0,9,47,0,2,0,0,0,9,2,4,9,10.7237837779381,59.692051367338,"Galium_verum","1",9,13,"2023"
"176","e64a9f40-c6b0-4f05-87ef-a226c1852a6e",2023-06-26 10:00:00,"H-D-S-ID-2","H","D","mowing","absent","2","none",35,"35.5",0,0,0,9,47,0,2,0,0,0,9,2,4,9,10.7237837779381,59.692051367338,"Hypericum_perforatum","1",9,13,"2023"
"177","e64a9f40-c6b0-4f05-87ef-a226c1852a6e",2023-06-26 10:00:00,"H-D-S-ID-2","H","D","mowing","absent","2","none",35,"35.5",0,0,0,9,47,0,2,0,0,0,9,2,4,9,10.7237837779381,59.692051367338,"Knautia_arvensis","0.1",9,13,"2023"
"178","e64a9f40-c6b0-4f05-87ef-a226c1852a6e",2023-06-26 10:00:00,"H-D-S-ID-2","H","D","mowing","absent","2","none",35,"35.5",0,0,0,9,47,0,2,0,0,0,9,2,4,9,10.7237837779381,59.692051367338,"Rumex_acetosa_var._acetosa","0.1",9,13,"2023"
"179","e64a9f40-c6b0-4f05-87ef-a226c1852a6e",2023-06-26 10:00:00,"H-D-S-ID-2","H","D","mowing","absent","2","none",35,"35.5",0,0,0,9,47,0,2,0,0,0,9,2,4,9,10.7237837779381,59.692051367338,"Avenula_pubescens","0.1",9,13,"2023"
"180","e64a9f40-c6b0-4f05-87ef-a226c1852a6e",2023-06-26 10:00:00,"H-D-S-ID-2","H","D","mowing","absent","2","none",35,"35.5",0,0,0,9,47,0,2,0,0,0,9,2,4,9,10.7237837779381,59.692051367338,"Festuca_ovina","25",9,13,"2023"
"181","e64a9f40-c6b0-4f05-87ef-a226c1852a6e",2023-06-26 10:00:00,"H-D-S-ID-2","H","D","mowing","absent","2","none",35,"35.5",0,0,0,9,47,0,2,0,0,0,9,2,4,9,10.7237837779381,59.692051367338,"Agrostis_capillaris","0.1",9,13,"2023"
"182","e64a9f40-c6b0-4f05-87ef-a226c1852a6e",2023-06-26 10:00:00,"H-D-S-ID-2","H","D","mowing","absent","2","none",35,"35.5",0,0,0,9,47,0,2,0,0,0,9,2,4,9,10.7237837779381,59.692051367338,"Poa_pratensis","3",9,13,"2023"
"183","60f9fa0a-1d35-4ef6-a56e-c524a59abb9e",2023-06-26 10:00:00,"H-E-IS-ID-1","H","E","control","absent","1","none",22,"24.2",0,0,0,12,72,0,5,2,0,0,32,18,15,5,10.7238093869861,59.6920963835127,"Hylotelephium_maximum","7",18.5,7,"2023"
"184","60f9fa0a-1d35-4ef6-a56e-c524a59abb9e",2023-06-26 10:00:00,"H-E-IS-ID-1","H","E","control","absent","1","none",22,"24.2",0,0,0,12,72,0,5,2,0,0,32,18,15,5,10.7238093869861,59.6920963835127,"Rubus_idaeus","2",18.5,7,"2023"
"185","60f9fa0a-1d35-4ef6-a56e-c524a59abb9e",2023-06-26 10:00:00,"H-E-IS-ID-1","H","E","control","absent","1","none",22,"24.2",0,0,0,12,72,0,5,2,0,0,32,18,15,5,10.7238093869861,59.6920963835127,"Campanula_rotundifolia","0.1",18.5,7,"2023"
"186","60f9fa0a-1d35-4ef6-a56e-c524a59abb9e",2023-06-26 10:00:00,"H-E-IS-ID-1","H","E","control","absent","1","none",22,"24.2",0,0,0,12,72,0,5,2,0,0,32,18,15,5,10.7238093869861,59.6920963835127,"Linaria_vulgaris","0.1",18.5,7,"2023"
"187","60f9fa0a-1d35-4ef6-a56e-c524a59abb9e",2023-06-26 10:00:00,"H-E-IS-ID-1","H","E","control","absent","1","none",22,"24.2",0,0,0,12,72,0,5,2,0,0,32,18,15,5,10.7238093869861,59.6920963835127,"Festuca_ovina","3",18.5,7,"2023"
"188","60f9fa0a-1d35-4ef6-a56e-c524a59abb9e",2023-06-26 10:00:00,"H-E-IS-ID-1","H","E","control","absent","1","none",22,"24.2",0,0,0,12,72,0,5,2,0,0,32,18,15,5,10.7238093869861,59.6920963835127,"Avenella_flexuosa","2",18.5,7,"2023"
"189","60f9fa0a-1d35-4ef6-a56e-c524a59abb9e",2023-06-26 10:00:00,"H-E-IS-ID-1","H","E","control","absent","1","none",22,"24.2",0,0,0,12,72,0,5,2,0,0,32,18,15,5,10.7238093869861,59.6920963835127,"Festuca_rubra","10",18.5,7,"2023"
"190","74a58bff-e8a9-4a6c-9689-77c4fb70a3bc",2023-06-26 10:00:00,"H-E-IS-ID-2","H","E","control","absent","2","none",57,"59",0,0,0,8,36,0,1,0,0,0,4,6,2,18,10.7238839937277,59.6920874811272,"Hylotelephium_maximum","1",11,4,"2023"
"191","74a58bff-e8a9-4a6c-9689-77c4fb70a3bc",2023-06-26 10:00:00,"H-E-IS-ID-2","H","E","control","absent","2","none",57,"59",0,0,0,8,36,0,1,0,0,0,4,6,2,18,10.7238839937277,59.6920874811272,"Viscaria_vulgaris","3",11,4,"2023"
"192","74a58bff-e8a9-4a6c-9689-77c4fb70a3bc",2023-06-26 10:00:00,"H-E-IS-ID-2","H","E","control","absent","2","none",57,"59",0,0,0,8,36,0,1,0,0,0,4,6,2,18,10.7238839937277,59.6920874811272,"Galium_verum","3",11,4,"2023"
"193","74a58bff-e8a9-4a6c-9689-77c4fb70a3bc",2023-06-26 10:00:00,"H-E-IS-ID-2","H","E","control","absent","2","none",57,"59",0,0,0,8,36,0,1,0,0,0,4,6,2,18,10.7238839937277,59.6920874811272,"Festuca_ovina","52",11,4,"2023"
"194","3558b25b-e635-42f2-86e4-7e289929d07e",2023-06-26 10:00:00,"H-F-S-ID-1","H","F","mowing","absent","1","none",62,"64.2",0,0,0,12,28,0,0.1,1,0,0,21,4,40,15,10.7237536609014,59.6921380203444,"Hylotelephium_maximum","2",18,7,"2023"
"195","3558b25b-e635-42f2-86e4-7e289929d07e",2023-06-26 10:00:00,"H-F-S-ID-1","H","F","mowing","absent","1","none",62,"64.2",0,0,0,12,28,0,0.1,1,0,0,21,4,40,15,10.7237536609014,59.6921380203444,"Festuca_ovina","58",18,7,"2023"
"196","3558b25b-e635-42f2-86e4-7e289929d07e",2023-06-26 10:00:00,"H-F-S-ID-1","H","F","mowing","absent","1","none",62,"64.2",0,0,0,12,28,0,0.1,1,0,0,21,4,40,15,10.7237536609014,59.6921380203444,"Salix_caprea","1",18,7,"2023"
"197","3558b25b-e635-42f2-86e4-7e289929d07e",2023-06-26 10:00:00,"H-F-S-ID-1","H","F","mowing","absent","1","none",62,"64.2",0,0,0,12,28,0,0.1,1,0,0,21,4,40,15,10.7237536609014,59.6921380203444,"Achillea_millefolium","0.1",18,7,"2023"
"198","3558b25b-e635-42f2-86e4-7e289929d07e",2023-06-26 10:00:00,"H-F-S-ID-1","H","F","mowing","absent","1","none",62,"64.2",0,0,0,12,28,0,0.1,1,0,0,21,4,40,15,10.7237536609014,59.6921380203444,"Festuca_rubra","2",18,7,"2023"
"199","3558b25b-e635-42f2-86e4-7e289929d07e",2023-06-26 10:00:00,"H-F-S-ID-1","H","F","mowing","absent","1","none",62,"64.2",0,0,0,12,28,0,0.1,1,0,0,21,4,40,15,10.7237536609014,59.6921380203444,"Avenella_flexuosa","1",18,7,"2023"
"200","3558b25b-e635-42f2-86e4-7e289929d07e",2023-06-26 10:00:00,"H-F-S-ID-1","H","F","mowing","absent","1","none",62,"64.2",0,0,0,12,28,0,0.1,1,0,0,21,4,40,15,10.7237536609014,59.6921380203444,"Hypericum_perforatum","0.1",18,7,"2023"
"201","4b170162-701c-4042-8d49-dc6a3bd07e30",2023-06-26 10:00:00,"H-F-S-ID-2","H","F","mowing","absent","2","none",45,"45.5",0,0,0,2,45,0,10,0,0,10,6,20,6,13,10.7239208975338,59.6921224194745,"Galium_boreale","2",9.5,16,"2023"
"202","4b170162-701c-4042-8d49-dc6a3bd07e30",2023-06-26 10:00:00,"H-F-S-ID-2","H","F","mowing","absent","2","none",45,"45.5",0,0,0,2,45,0,10,0,0,10,6,20,6,13,10.7239208975338,59.6921224194745,"Lathyrus_linifolius","8",9.5,16,"2023"
"203","4b170162-701c-4042-8d49-dc6a3bd07e30",2023-06-26 10:00:00,"H-F-S-ID-2","H","F","mowing","absent","2","none",45,"45.5",0,0,0,2,45,0,10,0,0,10,6,20,6,13,10.7239208975338,59.6921224194745,"Hypericum_maculatum","1",9.5,16,"2023"
"204","4b170162-701c-4042-8d49-dc6a3bd07e30",2023-06-26 10:00:00,"H-F-S-ID-2","H","F","mowing","absent","2","none",45,"45.5",0,0,0,2,45,0,10,0,0,10,6,20,6,13,10.7239208975338,59.6921224194745,"Galium_verum","4",9.5,16,"2023"
"205","4b170162-701c-4042-8d49-dc6a3bd07e30",2023-06-26 10:00:00,"H-F-S-ID-2","H","F","mowing","absent","2","none",45,"45.5",0,0,0,2,45,0,10,0,0,10,6,20,6,13,10.7239208975338,59.6921224194745,"Knautia_arvensis","1",9.5,16,"2023"
"206","4b170162-701c-4042-8d49-dc6a3bd07e30",2023-06-26 10:00:00,"H-F-S-ID-2","H","F","mowing","absent","2","none",45,"45.5",0,0,0,2,45,0,10,0,0,10,6,20,6,13,10.7239208975338,59.6921224194745,"Linaria_vulgaris","1",9.5,16,"2023"
"207","4b170162-701c-4042-8d49-dc6a3bd07e30",2023-06-26 10:00:00,"H-F-S-ID-2","H","F","mowing","absent","2","none",45,"45.5",0,0,0,2,45,0,10,0,0,10,6,20,6,13,10.7239208975338,59.6921224194745,"Alchemilla","1",9.5,16,"2023"
"208","4b170162-701c-4042-8d49-dc6a3bd07e30",2023-06-26 10:00:00,"H-F-S-ID-2","H","F","mowing","absent","2","none",45,"45.5",0,0,0,2,45,0,10,0,0,10,6,20,6,13,10.7239208975338,59.6921224194745,"Hypericum_perforatum","0.1",9.5,16,"2023"
"209","4b170162-701c-4042-8d49-dc6a3bd07e30",2023-06-26 10:00:00,"H-F-S-ID-2","H","F","mowing","absent","2","none",45,"45.5",0,0,0,2,45,0,10,0,0,10,6,20,6,13,10.7239208975338,59.6921224194745,"Hylotelephium_maximum","0.1",9.5,16,"2023"
"210","4b170162-701c-4042-8d49-dc6a3bd07e30",2023-06-26 10:00:00,"H-F-S-ID-2","H","F","mowing","absent","2","none",45,"45.5",0,0,0,2,45,0,10,0,0,10,6,20,6,13,10.7239208975338,59.6921224194745,"Viscaria_vulgaris","0.1",9.5,16,"2023"
"211","4b170162-701c-4042-8d49-dc6a3bd07e30",2023-06-26 10:00:00,"H-F-S-ID-2","H","F","mowing","absent","2","none",45,"45.5",0,0,0,2,45,0,10,0,0,10,6,20,6,13,10.7239208975338,59.6921224194745,"Veronica_chamaedrys","0.1",9.5,16,"2023"
"212","4b170162-701c-4042-8d49-dc6a3bd07e30",2023-06-26 10:00:00,"H-F-S-ID-2","H","F","mowing","absent","2","none",45,"45.5",0,0,0,2,45,0,10,0,0,10,6,20,6,13,10.7239208975338,59.6921224194745,"Viola_canina_subsp._canina","2",9.5,16,"2023"
"213","4b170162-701c-4042-8d49-dc6a3bd07e30",2023-06-26 10:00:00,"H-F-S-ID-2","H","F","mowing","absent","2","none",45,"45.5",0,0,0,2,45,0,10,0,0,10,6,20,6,13,10.7239208975338,59.6921224194745,"Avenella_flexuosa","7",9.5,16,"2023"
"214","4b170162-701c-4042-8d49-dc6a3bd07e30",2023-06-26 10:00:00,"H-F-S-ID-2","H","F","mowing","absent","2","none",45,"45.5",0,0,0,2,45,0,10,0,0,10,6,20,6,13,10.7239208975338,59.6921224194745,"Festuca_ovina","14",9.5,16,"2023"
"215","4b170162-701c-4042-8d49-dc6a3bd07e30",2023-06-26 10:00:00,"H-F-S-ID-2","H","F","mowing","absent","2","none",45,"45.5",0,0,0,2,45,0,10,0,0,10,6,20,6,13,10.7239208975338,59.6921224194745,"Festuca_rubra","4",9.5,16,"2023"
"216","4b170162-701c-4042-8d49-dc6a3bd07e30",2023-06-26 10:00:00,"H-F-S-ID-2","H","F","mowing","absent","2","none",45,"45.5",0,0,0,2,45,0,10,0,0,10,6,20,6,13,10.7239208975338,59.6921224194745,"Agrostis_capillaris","0.1",9.5,16,"2023"
"217","7df85163-6428-4b06-aea4-172337a395d8",2023-06-26 10:00:00,"H-F-S-D-2","H","F","mowing","present","2","none",80,"83.4",0,0,1,2,20,0,3,0,0,5,5,25,10,8,10.7238634156357,59.6921193524792,"Dracocephalum_ruyschiana","2",6.5,11,"2023"
"218","7df85163-6428-4b06-aea4-172337a395d8",2023-06-26 10:00:00,"H-F-S-D-2","H","F","mowing","present","2","none",80,"83.4",0,0,1,2,20,0,3,0,0,5,5,25,10,8,10.7238634156357,59.6921193524792,"Galium_boreale","3",6.5,11,"2023"
"219","7df85163-6428-4b06-aea4-172337a395d8",2023-06-26 10:00:00,"H-F-S-D-2","H","F","mowing","present","2","none",80,"83.4",0,0,1,2,20,0,3,0,0,5,5,25,10,8,10.7238634156357,59.6921193524792,"Galium_verum","1",6.5,11,"2023"
"220","7df85163-6428-4b06-aea4-172337a395d8",2023-06-26 10:00:00,"H-F-S-D-2","H","F","mowing","present","2","none",80,"83.4",0,0,1,2,20,0,3,0,0,5,5,25,10,8,10.7238634156357,59.6921193524792,"Linaria_vulgaris","0.1",6.5,11,"2023"
"221","7df85163-6428-4b06-aea4-172337a395d8",2023-06-26 10:00:00,"H-F-S-D-2","H","F","mowing","present","2","none",80,"83.4",0,0,1,2,20,0,3,0,0,5,5,25,10,8,10.7238634156357,59.6921193524792,"Quercus_robur","0.1",6.5,11,"2023"
"222","7df85163-6428-4b06-aea4-172337a395d8",2023-06-26 10:00:00,"H-F-S-D-2","H","F","mowing","present","2","none",80,"83.4",0,0,1,2,20,0,3,0,0,5,5,25,10,8,10.7238634156357,59.6921193524792,"Lathyrus_linifolius","2",6.5,11,"2023"
"223","7df85163-6428-4b06-aea4-172337a395d8",2023-06-26 10:00:00,"H-F-S-D-2","H","F","mowing","present","2","none",80,"83.4",0,0,1,2,20,0,3,0,0,5,5,25,10,8,10.7238634156357,59.6921193524792,"Hylotelephium_maximum","2",6.5,11,"2023"
"224","7df85163-6428-4b06-aea4-172337a395d8",2023-06-26 10:00:00,"H-F-S-D-2","H","F","mowing","present","2","none",80,"83.4",0,0,1,2,20,0,3,0,0,5,5,25,10,8,10.7238634156357,59.6921193524792,"Viola_canina_subsp._canina","0.1",6.5,11,"2023"
"225","7df85163-6428-4b06-aea4-172337a395d8",2023-06-26 10:00:00,"H-F-S-D-2","H","F","mowing","present","2","none",80,"83.4",0,0,1,2,20,0,3,0,0,5,5,25,10,8,10.7238634156357,59.6921193524792,"Avenella_flexuosa","3",6.5,11,"2023"
"226","7df85163-6428-4b06-aea4-172337a395d8",2023-06-26 10:00:00,"H-F-S-D-2","H","F","mowing","present","2","none",80,"83.4",0,0,1,2,20,0,3,0,0,5,5,25,10,8,10.7238634156357,59.6921193524792,"Festuca_ovina","70",6.5,11,"2023"
"227","7df85163-6428-4b06-aea4-172337a395d8",2023-06-26 10:00:00,"H-F-S-D-2","H","F","mowing","present","2","none",80,"83.4",0,0,1,2,20,0,3,0,0,5,5,25,10,8,10.7238634156357,59.6921193524792,"Festuca_rubra","0.1",6.5,11,"2023"
"228","1ef8e35e-68e6-4662-80ee-6a55dcdc1d39",2023-06-26 10:00:00,"H-F-S-D-1","H","F","mowing","present","1","none",70,"70.1",5,12,14,25,28,0,0,5,0,0,6,12,25,21,10.7238021389176,59.6921164085321,"Dracocephalum_ruyschiana","15",13.5,11,"2023"
"229","1ef8e35e-68e6-4662-80ee-6a55dcdc1d39",2023-06-26 10:00:00,"H-F-S-D-1","H","F","mowing","present","1","none",70,"70.1",5,12,14,25,28,0,0,5,0,0,6,12,25,21,10.7238021389176,59.6921164085321,"Viscaria_vulgaris","7",13.5,11,"2023"
"230","1ef8e35e-68e6-4662-80ee-6a55dcdc1d39",2023-06-26 10:00:00,"H-F-S-D-1","H","F","mowing","present","1","none",70,"70.1",5,12,14,25,28,0,0,5,0,0,6,12,25,21,10.7238021389176,59.6921164085321,"Hylotelephium_maximum","6",13.5,11,"2023"
"231","1ef8e35e-68e6-4662-80ee-6a55dcdc1d39",2023-06-26 10:00:00,"H-F-S-D-1","H","F","mowing","present","1","none",70,"70.1",5,12,14,25,28,0,0,5,0,0,6,12,25,21,10.7238021389176,59.6921164085321,"Quercus_robur","5",13.5,11,"2023"
"232","1ef8e35e-68e6-4662-80ee-6a55dcdc1d39",2023-06-26 10:00:00,"H-F-S-D-1","H","F","mowing","present","1","none",70,"70.1",5,12,14,25,28,0,0,5,0,0,6,12,25,21,10.7238021389176,59.6921164085321,"Galium_verum","4",13.5,11,"2023"
"233","1ef8e35e-68e6-4662-80ee-6a55dcdc1d39",2023-06-26 10:00:00,"H-F-S-D-1","H","F","mowing","present","1","none",70,"70.1",5,12,14,25,28,0,0,5,0,0,6,12,25,21,10.7238021389176,59.6921164085321,"Achillea_millefolium","2",13.5,11,"2023"
"234","1ef8e35e-68e6-4662-80ee-6a55dcdc1d39",2023-06-26 10:00:00,"H-F-S-D-1","H","F","mowing","present","1","none",70,"70.1",5,12,14,25,28,0,0,5,0,0,6,12,25,21,10.7238021389176,59.6921164085321,"Festuca_ovina","28",13.5,11,"2023"
"235","1ef8e35e-68e6-4662-80ee-6a55dcdc1d39",2023-06-26 10:00:00,"H-F-S-D-1","H","F","mowing","present","1","none",70,"70.1",5,12,14,25,28,0,0,5,0,0,6,12,25,21,10.7238021389176,59.6921164085321,"Stellaria_graminea","0.1",13.5,11,"2023"
"236","1ef8e35e-68e6-4662-80ee-6a55dcdc1d39",2023-06-26 10:00:00,"H-F-S-D-1","H","F","mowing","present","1","none",70,"70.1",5,12,14,25,28,0,0,5,0,0,6,12,25,21,10.7238021389176,59.6921164085321,"Avenula_pubescens","1",13.5,11,"2023"
"237","1ef8e35e-68e6-4662-80ee-6a55dcdc1d39",2023-06-26 10:00:00,"H-F-S-D-1","H","F","mowing","present","1","none",70,"70.1",5,12,14,25,28,0,0,5,0,0,6,12,25,21,10.7238021389176,59.6921164085321,"Avenella_flexuosa","1",13.5,11,"2023"
"238","1ef8e35e-68e6-4662-80ee-6a55dcdc1d39",2023-06-26 10:00:00,"H-F-S-D-1","H","F","mowing","present","1","none",70,"70.1",5,12,14,25,28,0,0,5,0,0,6,12,25,21,10.7238021389176,59.6921164085321,"Agrostis_capillaris","1",13.5,11,"2023"
"239","c53805a9-e675-4930-a939-95c4616b0378",2023-06-26 10:00:00,"H-E-IS-D-2","H","E","control","present","2","none",44,"44.3",2,10,5,29,29,2,1,0,0,0,7,9,6,3,10.7237478112424,59.6920854130575,"Dracocephalum_ruyschiana","7",5,9,"2023"
"240","c53805a9-e675-4930-a939-95c4616b0378",2023-06-26 10:00:00,"H-E-IS-D-2","H","E","control","present","2","none",44,"44.3",2,10,5,29,29,2,1,0,0,0,7,9,6,3,10.7237478112424,59.6920854130575,"Hypericum_perforatum","0.1",5,9,"2023"
"241","c53805a9-e675-4930-a939-95c4616b0378",2023-06-26 10:00:00,"H-E-IS-D-2","H","E","control","present","2","none",44,"44.3",2,10,5,29,29,2,1,0,0,0,7,9,6,3,10.7237478112424,59.6920854130575,"Viscaria_vulgaris","7",5,9,"2023"
"242","c53805a9-e675-4930-a939-95c4616b0378",2023-06-26 10:00:00,"H-E-IS-D-2","H","E","control","present","2","none",44,"44.3",2,10,5,29,29,2,1,0,0,0,7,9,6,3,10.7237478112424,59.6920854130575,"Hylotelephium_maximum","2",5,9,"2023"
"243","c53805a9-e675-4930-a939-95c4616b0378",2023-06-26 10:00:00,"H-E-IS-D-2","H","E","control","present","2","none",44,"44.3",2,10,5,29,29,2,1,0,0,0,7,9,6,3,10.7237478112424,59.6920854130575,"Linaria_vulgaris","0.1",5,9,"2023"
"244","c53805a9-e675-4930-a939-95c4616b0378",2023-06-26 10:00:00,"H-E-IS-D-2","H","E","control","present","2","none",44,"44.3",2,10,5,29,29,2,1,0,0,0,7,9,6,3,10.7237478112424,59.6920854130575,"Rumex_acetosella","0.1",5,9,"2023"
"245","c53805a9-e675-4930-a939-95c4616b0378",2023-06-26 10:00:00,"H-E-IS-D-2","H","E","control","present","2","none",44,"44.3",2,10,5,29,29,2,1,0,0,0,7,9,6,3,10.7237478112424,59.6920854130575,"Festuca_ovina","25",5,9,"2023"
"246","c53805a9-e675-4930-a939-95c4616b0378",2023-06-26 10:00:00,"H-E-IS-D-2","H","E","control","present","2","none",44,"44.3",2,10,5,29,29,2,1,0,0,0,7,9,6,3,10.7237478112424,59.6920854130575,"Festuca_rubra","2",5,9,"2023"
"247","c53805a9-e675-4930-a939-95c4616b0378",2023-06-26 10:00:00,"H-E-IS-D-2","H","E","control","present","2","none",44,"44.3",2,10,5,29,29,2,1,0,0,0,7,9,6,3,10.7237478112424,59.6920854130575,"Avenella_flexuosa","1",5,9,"2023"
